domain,author name,bio,topics
10maurycy10.github.io,Maurycy,Software developer and blogger,"software development, personal projects, technology"
12challenges.substack.com,Louis,,
250bpm.substack.com,Martin Sústrik,Software developer and author,"networking, software development, ZeroMQ"
3blue1brown.com,Grant Sanderson,Mathematician and educator,"mathematics, visualizations, education"
512pixels.net,Stephen Hackett,Writer and podcaster,"Apple, technology, personal thoughts"
a9.io,Max Krieger,,
aaronsw.com,Aaron Swartz,Internet activist and programmer,"internet freedom, programming, activism"
abe-winter.github.io,Abe Winter,Software engineer and writer,"software development, technology, essays"
abortretry.fail,Bradford Morgan White,,vintage software
acko.net,Steven Wittens,Web developer and designer,"web development, design, graphics"
acoup.blog,Bret Devereaux,Historian,"history, military history, culture"
addyosmani.com,Addy Osmani,Engineering manager at Google,"web performance, JavaScript, open-source"
admiralcloudberg.medium.com,Kyra Dempsey,Plane crash analyst,"aviation, incident analysis"
agileotter.blogspot.com,Tim Ottinger,"Agile coach, author, and software developer","agile methodologies, software development, coaching"
agner.org,Agner Fog,Software developer and researcher,"software optimization, microarchitecture, programming"
aisnakeoil.substack.com,Meredith Broussard,Journalist and data scientist,"AI, technology, society"
al3x.net,Alex Payne,Software developer and writer,"technology, software development, culture"
alexanderell.is,Alexander Ellis,Software developer and blogger,"programming, software development, technology"
alexellis.io,Alex Ellis,Software developer and creator of OpenFaaS,"serverless, Kubernetes, software development"
alexkras.com,Alex Kras,Software developer and blogger,"programming, software development, technology"
alexmolas.com,Alex Molas,Developer and writer,"software development, technology"
alexwlchan.net,Alex Chan,Developer and writer,"software engineering, technology, productivity"
alinpanaitiu.com,Alin Panaitiu,Software developer and blogger,"software development, personal projects, technology"
allenpike.com,Allen Pike,Software developer and entrepreneur,"software development, startups, technology"
allthingsdistributed.com,Werner Vogels,CTO of Amazon,"cloud computing, technology, software development"
amanvir.com,Amanvir Parhar,Developer and writer,"programming, personal projects, startups"
amazingcto.com,Stephan Schmidt,CTO coach and author,coaching
amygoodchild.com,Amy Goodchild,Artist and writer,"art, creativity"
anandsanwal.me,Anand Sanwal,,
andreasjhkarlsson.github.io,Andreas J.H. Karlsson,Developer,"software development, projects"
andreinc.net,Andrei Nicusan,Developer and writer,"software engineering, personal projects, technology"
andrewkchan.dev,Andrew Chan,Software developer and blogger,"programming, technology"
andrewkelley.me,Andrew Kelley,Software developer and creator of Zig,"programming, Zig, software development"
andysblog.uk,Andy,Writer and tech enthusiast,"technology, personal essays, reviews"
anildash.com,Anil Dash,Technologist and writer,"culture, technology, policy"
anishathalye.com,Anish Athalye,Computer scientist,"machine learning, security, software engineering"
ansel.photos,Aurelien Pierre,Photographer and creator of Ansel,
anthonyhobday.com,Anthony Hobday,Designer and writer,"design, user interfaces, writing"
antipope.org,Charles Stross,Science fiction author,"science fiction, technology, politics"
antirez.com,Salvatore Sanfilippo,Creator of Redis,"databases, open-source, software development"
antocuni.eu,Antonio Cuni,Software developer,"Python, compilers, programming languages"
antonz.org,Anton Zhiyanov,Software developer and blogger,"programming, software development, technology"
anvaka.github.io,Nikita Vasilenko,Software developer,"data visualization, open source, programming"
apenwarr.ca,Avery Pennarun,CEO of Tailscale,"networking, software development, technology"
aphyr.com,Kyle Kingsbury,Distributed systems engineer and researcher,"distributed systems, databases, software engineering"
aras-p.info,Aras Pranckevičius,Game developer,"game development, unity, demoscene"
aresluna.org,Marcin Wichary,"Designer, writer, & typographer",typography
arp242.net,Martin Tournoij,Software developer and blogger,"programming, open source, technology"
artemis.sh,artemis everfree,,"technology, software, personal projects"
ascii.textfiles.com,Jason Scott,Archivist and historian,"digital preservation, history, technology"
asmartbear.com,Jason Cohen,Founder of WPEngine and Smart Bear,"startups, entrepreneurship, software development"
astralcodexten.com,Scott Alexander,Psychiatrist and blogger,"rationalism, psychology, culture"
austinhenley.com,Austin Henley,Software developer and researcher,"programming, software development, research"
awesomekling.github.io,Andreas Kling,Software developer and creator of SerenityOS,"operating systems, software development, programming"
awesomekling.substack.com,Andreas Kling,Developer and writer,"software development, personal essays"
axio.ms,Matt Evans,,
axleos.com,Phillip Tennen,Hobby OS developer,os development
ayende.com,Oren Eini,Developer and founder of RavenDB,"software development, databases, NoSQL"
backreaction.blogspot.com,Sabine Hossenfelder,Theoretical physicist,"physics, science communication, research"
baldurbjarnason.com,Baldur Bjarnason,Researcher and writer,"technology, media, publishing"
baremetrics.com,Josh Pigford,Founder of Baremetrics,"SaaS, analytics, entrepreneurship"
bbycroft.net,Benjamin Bycroft,Software engineer and writer,"software development, technology"
bedelstein.com,Ben Edelstein,,
beej.us,"Brian ""Beej"" Hall",Software developer and educator,"network programming, software development, education"
beepb00p.xyz,Karli Coss,Developer,
begriffs.com,Joe Nelson,Software developer and technical writer,"Haskell, PostgreSQL, web development"
bellard.org,Fabrice Bellard,Software prodigy and creator of FFmpeg and QEMU,"software development, multimedia processing, emulation"
ben-evans.com,Benedict Evans,Technology analyst and consultant,"technology, mobile, media"
ben.page,Ben Kuhn,Software engineer and blogger,"software development, personal projects, technology"
benhoyt.com,Ben Hoyt,Software developer,"software development, Python, Go language"
benkuhn.net,Ben Kuhn,Software developer and effective altruist,"effective altruism, software development, technology"
bernsteinbear.com,Max Bernstein,Programmer and researcher,"compilers, programming languages, implementation"
berthub.eu,Bert Hubert,Software developer and entrepreneur,"DNS, software development, technology"
bessey.dev,Matt Bessey,Software developer,
bessstillman.substack.com,Bess Stillman,Writer and essayist,"culture, personal essays, literature"
betterexplained.com,Kalid Azad,Author and educator,"mathematics, education, software development"
beyondloom.com,John Earnest,,
bhorowitz.com,Ben Horowitz,Entrepreneur and venture capitalist,"startups, entrepreneurship, investing"
bhupesh.me,Bhupesh Varshney,Software craftsman and tech writer,"technology, community, bash"
bigmessowires.com,Steve Chamberlin,,"custom cpus, computer hardware"
bitbashing.io,Dan Luu,Engineer and blogger,"technology, software, hardware"
bitecode.dev,Anonymous,,python
bitfieldconsulting.com,John Arundel,,
bitsaboutmoney.com,Patrick McKenzie,Developer and consultant,"credit cards, banking, fintech"
blobstreaming.org,Mohamed Aboelez,,
blog.0x7d0.dev,Anonymous,,"security, reverse engineering"
blog.6nok.org,Fatih Altinok,Software engineer,"javascript, web development"
blog.acolyer.org,Adrian Colyer,Technology analyst,"computer science research, technology, software engineering"
blog.alexmaccaw.com,Alex MacCaw,Software developer and entrepreneur,"programming, software development, startups"
blog.benjojo.co.uk,Ben Cox,Software engineer and infrastructure expert,"software development, infrastructure, networking"
blog.brixit.nl,Martijn Braam,,"linux, electronics"
blog.chriszacharias.com,Chris Zacharias,Web developer and former YouTube engineer,"web development, technology, personal projects"
blog.codingconfessions.com,Abhinav Upadhyay,,"compilers, programming languages, databases"
blog.codinghorror.com,Jeff Atwood,Developer and co-founder of Stack Overflow,"software development, coding practices, technology"
blog.cr.yp.to,Daniel J. Bernstein,Cryptographer,"security, cryptography"
blog.cryptographyengineering.com,Matthew Green,Cryptographer,"cryptography, security, privacy"
blog.dustinkirkland.com,Dustin Kirkland,Software engineer and product manager,"Linux, software development, technology"
blog.eladgil.com,Elad Gil,Entrepreneur and investor,"startups, technology, entrepreneurship"
blog.erratasec.com,Robert Graham,Security researcher,"security, hacking, technology"
blog.fogus.me,Michael Fogus,Software developer and author,"functional programming, software development, Clojure"
blog.haschek.at,Florian Haschek,Software developer and security researcher,"security, programming, web development"
blog.jim-nielsen.com,Jim Nielsen,Web developer and designer,"web development, design, technology"
blog.nuclearsecrecy.com,Alex Wellerstein,Historian of science,"nuclear history, policy, technology"
blog.paavo.me,Paavo Huhtala,,
blog.pinboard.in,Maciej Cegłowski,Founder of Pinboard and writer,"technology, privacy, internet culture"
blog.pixelmelt.dev,Ciarán,Security researcher and developer,"reverse engineering, obfuscation, javascript"
blog.ploeh.dk,Mark Seemann,Software developer and author,"software development, functional programming, personal projects"
blog.plover.com,Mark Dominus,Software developer and amateur mathematician,"languages, programming, books"
blog.regehr.org,John Regehr,Computer science professor,"compilers, software engineering, programming languages"
blog.robertelder.org,Robert Elder,Software developer and educator,"software development, programming, education"
blog.rongarret.info,Ron Garret,Software developer and entrepreneur,"technology, software development, artificial intelligence"
blog.samaltman.com,Sam Altman,Entrepreneur and investor,"startups, technology, economics"
blog.startifact.com,Martijn Faassen,Software developer,"rust, javascript, computer science"
blog.stephenwolfram.com,Stephen Wolfram,Computer scientist and entrepreneur,"computational science, software development, technology"
blog.wesleyac.com,Wesley Aptekar-Cassels,Software developer and blogger,"programming, software development, technology"
blogmaverick.com,Mark Cuban,Entrepreneur and investor,"business, technology, entrepreneurship"
blogs.msdn.microsoft.com/oldnewthing,Raymond Chen,Software engineer at Microsoft,"Windows development, software history, programming"
blogsystem5.substack.com,Julio Merino,,"operating systems, build systems, programming languages"
bogdanthegeek.github.io,Bogdan Ionescu,Electronics and software enthusiast,"electronics, chemistry, programming"
borretti.me,Fernando Borretti,Developer and programming language author,"software development, personal projects, programming languages"
bothsidesofthetable.com,Mark Suster,Entrepreneur and venture capitalist,"startups, investing, entrepreneurship"
boyter.org,Ben Boyter,Developer,"search engines, programming, software development"
bradfrost.com,Brad Frost,Web designer and author,"web design, atomic design, front-end development"
brainpickings.org,Maria Popova,Writer and blogger,"literature, culture, philosophy"
brandur.org,Brandur Leach,Software engineer and writer,"software development, databases, infrastructure"
brendangregg.com,Brendan Gregg,Performance engineer,"performance engineering, systems, technology"
brickexperimentchannel.wordpress.com,Anonymous,Software engineer and Lego enthusiast,legos
brooker.co.za,Chris Brooker,Software developer and blogger,"software development, programming, technology"
brr.fyi,Paul Coldren,Researcher in Antarctica,"antarctica, low-bandwidth internet, research"
brutecat.com,skull,Security researcher,"bug bounties, Google vulnerabilities"
bryanbraun.com,Bryan Braun,Software developer,"web development, open source, personal projects"
build-your-own.org,James Smith,Independent technical author,"go, compilers, redis"
bunniestudios.com,"Andrew ""Bunnie"" Huang",Hacker and hardware developer,"hardware hacking, open-source, technology"
buttondown.com/hillelwayne,Hillel Wayne,Consultant and author,"formal methods, software engineering, technology"
byran.ee,Byran Huang,Indie laptop maker,"indie hardware, personal projects"
cabel.com,Cabel Sasser,Co-founder of Panic Inc. and writer,"software development, entrepreneurship"
calculusmadeeasy.org,Silvanus P. Thompson,,
calnewport.com,Cal Newport,Computer science professor and author,"productivity, deep work, computer science"
calpaterson.com,Cal Paterson,Software developer and writer,"software development, technology, personal blog"
caseyhandmer.wordpress.com,Casey Handmer,Physicist and space enthusiast,"space exploration, technology, engineering"
catandgirl.com,Dorothy Gambrell,Cartoonist and writer,"comics, personal thoughts, humor"
catb.org/~esr,Eric S. Raymond,Open-source advocate and author,"open-source, software development, technology"
catherinejue.com,Catherine Jue,Co-founder of Kernel,"startups, AI infrastructure, software"
catonmat.net,Peteris Krumins,Developer and entrepreneur,"programming, productivity, technology"
catskull.net,Anonymous,,"html, css"
cdixon.org,Chris Dixon,Investor and general partner at Andreessen Horowitz,"technology, startups, investing"
cellio.dreamwidth.org,Monica Cellio,Writer and community manager,"writing, community management, personal thoughts"
cep.dev,Jack Lindamood,Software engineer,N/A
cfenollosa.com,Carlos Fenollosa,Software developer and entrepreneur,"startups, software development, technology"
chadnauseam.com,Chad Nauseam,Writer and tech enthusiast,"technology, culture, personal essays"
char.gd,Owen Williams,,
charity.wtf,Charity Majors,,
charlespetzold.com,Charles Petzold,Author and programmer,"programming, technology, computer science"
chiark.greenend.org.uk,Ian Jackson,Software developer and Debian contributor,"Debian, open source, software development"
chiark.greenend.org.uk/~sgtatham,Simon Tatham,Software developer and mathematician,"programming, puzzles, software tools"
chris-granger.com,Chris Granger,Software developer and co-creator of Light Table,"software development, programming tools, personal blog"
chrisbuilds.github.io,Chris,Developer and builder,"software development, projects"
chriscoyier.net,Chris Coyier,Designer and developer,"web design, CSS, HTML"
chriskiehl.com,Chris Kiehl,Software engineer,"programming, technology, career advice"
chrislewicki.com,Chris Lewicki,Aerospace engineer and entrepreneur,"space exploration, technology, entrepreneurship"
chrisstucchio.com,Chris Stucchio,Software developer and data scientist,"data science, software development, technology"
chromakode.com,Max Ogden,Software developer and open source advocate,"open source, software development, personal projects"
ciechanow.ski,Bartosz Ciechanowski,Author of interactive articles,"physics, engineering, visualizations"
cliffle.com,Cliff L. Biffle,Software developer and blogger,"programming, technology, personal projects"
clivethompson.medium.com,Clive Thompson,Journalist and author,"technology, culture, science"
collegetowns.org,Ryan M. Allen,Associate Professor at Soka University of America,"urbanism, higher education"
complete.org,John Goerzen,Programmer and manager,"old technology, amateur radio, zfs"
computer.rip,J.B. Crawford,DevOps consultant and writer,computer history
computerenhance.com,Casey Muratori,Independent video game developer,"programming education, game development"
computerwebsite.net,Henry,,
conduition.io,Conduition,Pseudonymous cypherpunk,"cryptography, scriptless smart contracts, multi-party computation"
connortumbleson.com,Connor Tumbleson,Software developer and writer,"software development, open source"
construction-physics.com,Brian Potter,Engineer and writer,"construction, engineering, physics"
constructionphysics.substack.com,Brian Potter,Engineer and writer,"construction, engineering, technology"
copetti.org,Fabio Copetti,Software developer and emulator enthusiast,"emulation, programming, retro computing"
corecursive.com,Adam Gordon Bell,Software developer and podcast host,"programming, software development, technology"
coryd.dev,Cory Doctorow,Author and activist,"technology, copyright, digital rights"
coryzue.com,Cory Zue,Indie founder and software developer,"django, javascript, entrepreneurship"
craftinginterpreters.com,Bob Nystrom,Software developer and author,"programming languages, interpreters, software development"
craigkerstiens.com,Craig Kerstiens,Product manager and PostgreSQL advocate,"PostgreSQL, databases, software development"
craigmod.com,Craig Mod,Writer and photographer,"technology, books, travel"
craigmurray.org.uk,Craig Murray,Former diplomat and human rights activist,"politics, human rights, transparency"
crawshaw.io,David Crawshaw,Software engineer,"programming, databases, systems design"
cringely.com,Robert X. Cringely,Technology journalist and author,"technology, startups, industry analysis"
crisesnotes.com,Crises,Writer and researcher,"technology, culture, personal essays"
cs.cmu.edu/~wkw,Weng-Keen Wong,,
cs16.samke.me,Sam Ke,Computer science student,"programming, computer science, personal projects"
ctrl.blog,Daniel Aleksandersen,Developer,"security, Windows, web browsers"
curl.dev,Daniel Stenberg,Creator of cURL,curl
da.vidbuchanan.co.uk,David Buchanan,Developer and writer,"security, ctfs, programming"
daedtech.com,Erik Dietrich,Software developer and consultant,"programming, software development, consulting"
daemonology.net,Colin Percival,FreeBSD contributor and founder of Tarsnap,"security, backups, open-source"
daniel.haxx.se,Daniel Stenberg,Creator of cURL,"networking, open-source, software development"
danielchasehooper.com,Daniel Chase Hooper,Physicist and researcher,"physics, research, academia"
danieldelaney.net,Daniel Delaney,Developer and writer,"programming, technology, personal projects"
danielmangum.com,Daniel Mangum,CTO of Golioth,"risc-v, hardware, microcontrollers"
danielmiessler.com,Daniel Miessler,Security researcher and writer,"security, technology, writing"
danielwirtz.com,Daniel Wirtz,Product designer and developer,"design, no-code tools, productivity"
danilafe.com,Daniel Fedorin,,
danluu.com,Dan Luu,Engineer and writer,"hardware, software, performance"
dannorth.net,Dan North,Consultant and developer,"software development, consulting"
darekkay.com,Darek Kay,Developer and accessibility advocate,"software development, accessibility, web development"
daringfireball.net,John Gruber,Technology blogger,"Apple, technology, design"
darrellowens.substack.com,Darrell Owens,Urban policy writer,"urban policy, housing, transportation"
datagenetics.com,Nick Berry,Data scientist and blogger,"data science, mathematics, statistics"
datagubbe.se,Carl Svensson,Software developer and writer,"data science, programming, technology"
dataswamp.org/~solene,Solène Rapenne,Developer and open-source contributor,"open-source, software development, technology"
dave.cheney.net,Dave Cheney,Software developer and Go programming expert,"Go language, software development, programming"
davidrevoy.com,David Revoy,Artist and open-source advocate,"digital art, open-source software, tutorials"
dcurt.is,Dustin Curtis,"Designer, writer, and entrepreneur","design, technology, writing"
deepsouthventures.com,Peter Askew,Domain name enthusiast,"entrepreneurship, domain names, onions"
defmacro.org,Slava Akhmechet,Developer and Co-founder of RethinkDB,"entrepreneurship, open-source"
deprocrastination.co,Niklas Goeke,Writer and blogger,"productivity, personal development, writing"
derekthompson.org,Derek Thompson,Journalist and author,"culture, technology, economics"
destroyallsoftware.com,Gary Bernhardt,Software developer and educator,"software development, testing, programming languages"
devblogs.microsoft.com/oldnewthing,Raymond Chen,Veteran Microsoft engineer,"Windows development, programming, software history"
devever.net/~hl,Hugo Landau,Software developer and open-source advocate,"open-source, software development, cryptography"
dfarq.homeip.net,David Farquhar,Computer security professional and author,"security, vintage computers, technology"
dgroshev.com,Dmitry Groshev,Software developer and blogger,"software development, personal projects, technology"
difftastic.wilfred.me.uk,Wilfred Hughes,Developer,"software development, tools"
dilbert.com,Scott Adams,Cartoonist and writer,"comics, satire, business"
dillonshook.com,Dillon Shook,Autodidact & Zero One Infinity Advocate,"programming, web development, games"
disruptionist.com,Matt Binder,Independent journalist,"politics, technology, internet culture"
dkb.blog,Dmitri Brereton,,"ai, search engines"
dkb.io,Derek Banas,Software developer and educator,"programming, software development, education"
dmitry.gr,Dmitry Grinberg,Hardware and software hacker,"hardware, programming, software development"
dmytry.github.io,Dmytry Lavrov,,
doctorow.medium.com,Cory Doctorow,Author and activist,"technology, privacy, society"
dotat.at,Tony Finch,Developer,"software development, technology"
downfall.page,Daniel Moghimi,,vulnerability research
downtowndougbrown.com,Doug Brown,Writer and urban planner,"urban planning, development"
drewdevault.com,Drew DeVault,Developer and open-source advocate,"open-source, software development, technology"
dropofahat.zone,James Steinberg,,"hat dropping, computer vision"
dubroy.com,Patrick Dubroy,Software engineer and blogger,"programming, technology, personal projects"
dunfield.themindfactory.com,Dave Dunfield,Systems engineer,
dwarkesh.com,Dwarkesh Patel,Host of the Dwarkesh Podcast,"AI, technology, long-form interviews"
dynomight.net,Anonymous,,"science, existential angst"
dzombak.com,David Zombak,Software engineer and writer,"software engineering, personal projects, technology"
eatonphil.com,Phil Eaton,Software developer and writer,"distributed systems, databases, go"
edwardsnowden.substack.com,Edward Snowden,Whistleblower and privacy advocate,"privacy, technology, society"
eev.ee,Evelyn Woods,Software developer and writer,"software development, games, personal blog"
effectiviology.com,Itamar Shatz,,"psychology, philosophy"
eieio.games,Nolen Royalty,HTML artist,
ejohn.org,John Resig,Creator of jQuery and software developer,"JavaScript, web development, programming"
eli.thegreenplace.net,Eli Bendersky,Software developer,"programming, compilers, technology"
eliseomartelli.it,Eliseo Martelli,Developer and designer,"programming, design, technology"
ellie.wtf,Ellie Huxtable,Software Engineer and founder of Atuin,
eloquentjavascript.net,Marijn Haverbeke,Developer and author,"JavaScript, programming"
emily.space,Emily Calandrelli,Science communicator and engineer,"space, science, STEM"
engraved.blog,Jonas Degrave,Research Scientist at Deepmind,"machine learning, llms"
entropicthoughts.com,Chris,Quant and systems thinker,"software, systems thinking, management"
ericdraken.com,Eric Draken,Developer,"software development, technology"
ericmigi.com,Eric Migicovsky,Inventor and founder of Pebble and Beeper,"pebble, hardware, smartwatches"
erikbern.com,Erik Bernhardsson,Software developer and entrepreneur,"machine learning, data science, software development"
erikdemaine.org,Erik Demaine,"MIT Computer Science Professor, artist, and researcher","algorithms, computational origami, computer science"
eugeneyan.com,Eugen Yan,Data scientist and writer,"data science, machine learning, technology"
evanhahn.com,Evan Hahn,Software developer and author,"open-source, JavaScript, productivity"
evanmiller.org,Evan Miller,Software developer and statistician,"software development, statistics, data analysis"
experimental-history.com,Adam Mastroianni,Writer and software engineer,"history, technology, urban planning"
experimentalhistory.substack.com,Devon Zuegel,Writer and software developer,"history, technology, society"
explainextended.com,Quassnoi,SQL expert and blogger,"SQL, database optimization, programming"
fabiensanglard.net,Fabien Sanglard,Software developer and author,"game development, software engineering, retro computing"
falkvinge.net,Rick Falkvinge,Founder of the Pirate Party,"digital rights, privacy, politics"
fasterthanli.me,Amos Wenger,Rust enthusiast and YouTube creator,"Rust programming, software development, programming languages"
fathy.fr,Fathy Boundjadj,Software Engineer,
feld.com,Brad Feld,Entrepreneur and venture capitalist,"startups, technology, entrepreneurship"
ferd.ca,Ferdinand Beyer,Software developer,"Erlang, software development, programming languages"
fgiesen.wordpress.com,Fabian Giesen,Software engineer,"graphics programming, game development, technology"
file770.com,Mike Glyer,Sci-fi enthusiast,"books, sci-fi"
filfre.net,Jimmy Maher,Writer and historian,"computer history, interactive fiction, technology"
filippo.io,Filippo Valsorda,Security engineer and cryptographer,"security, cryptography, software engineering"
flowingdata.com,Nathan Yau,Statistician and data visualization expert,"data visualization, statistics, design"
folklore.org,Andy Hertzfeld,Software developer and original Macintosh team member,"Apple history, technology, personal stories"
fortressofdoors.com,Lars Doucet,Game designer and writer,"game design, ai, short stories"
frantic.im,Alex Kotliarskyi,Software Engineer and co-founder of Secta AI,
fromjason.xyz,Jason Lengstorf,Developer and educator,"web development, productivity, career"
futilitycloset.com,Greg Ross,Writer and editor,"trivia, history, puzzles"
gabrielsieben.tech,Gabriel Sieben,Developer and writer,"software engineering, personal projects, technology"
gabrielweinberg.com,Gabriel Weinberg,CEO of DuckDuckGo,"privacy, entrepreneurship, technology"
garrit.xyz,Garrit Franke,,"devops, open-source software"
garymarcus.substack.com,Gary Marcus,"Cognitive scientist, author, and entrepreneur","AI, cognitive science, technology"
gatesnotes.com,Bill Gates,Philanthropist and technologist,"global health, education, technology"
geoffreylitt.com,Geoffrey Litt,Software developer and researcher,"software development, human-computer interaction"
geohot.github.io,George Hotz,Hacker and entrepreneur,"technology, hacking, AI"
gilesthomas.com,Giles Thomas,Developer and entrepreneur,"programming, technology, business"
githubcopilotinvestigation.com,Matthew Butterick,Lawyer and typograhy designer,"open-source, llms, legal"
gleam.run,Louis Pilfold,,
gmunk.com,Gmunk (Bradley Munkowitz),Designer and director,"design, visual effects, personal projects"
grantslatton.com,Grant Slatton,Engineer and writer,"technology, programming, personal essays"
graydon2.dreamwidth.org,Graydon Hoare,Software developer and creator of Rust,"programming, Rust, software development"
greenwald.substack.com,Glenn Greenwald,Journalist and author,"politics, journalism, civil liberties"
gvwilson.github.io,Greg Wilson,Educator and software developer,"software development, education, data science"
gwern.net,Gwern Branwen,Researcher and writer,"psychology, statistics, technology"
hackerfactor.com,Mark Seiden,Security consultant and researcher,"security, cryptography, hacking"
hanselman.com,Scott Hanselman,Developer and speaker,"software development, productivity, technology"
haterade.substack.com,Haterade,Writer and cultural critic,"culture, media criticism, personal essays"
heathermeeker.com,Heather Meeker,Attorney and open-source advocate,"open-source software, legal issues, technology"
henrikkarlsson.xyz,Henrik Karlsson,Independent developer and writer,"technology, software development"
herman.bearblog.dev,Herman Martinus,Developer and writer,"software development, technology"
hey.paris,Paris Buttfield-Addison,Computer scientist and author,"game development, AI, technology"
hezmatt.org,Matt Palmer,Software engineer and open source enthusiast,"software development, open source, personal projects"
hiandrewquinn.github.io,Andrew Quinn,Software engineer and blogger,"software development, personal projects, technology"
hillelwayne.com,Hillel Wayne,Consultant and author,"formal methods, software engineering, technology"
hintjens.com,Pieter Hintjens,Co-founder of ZeroMQ and free software activist,"free software, euthanasia"
hixie.ch,Ian Hickson,Software engineer,"web standards, technology, software development"
homakov.blogspot.com,Egor Homakov,Security researcher and software developer,"security, programming, software development"
honest-broker.com,Ted Gioia,Cultural critic,"music, books, culture"
htmlhell.dev,Manuel Matuzović,,
httptoolkit.com,Tim Perry,Author of HTTP Toolkit,"http protocol, standards, TLS"
hugo.blog,Hugo Barra,,
hugotunius.se,Hugo Tunius,Software developer,"iOS, mobile development, technology"
humbledmba.com,Jason Freedman,Founder of 42Floors and partner at Peak State Ventures,
hypercritical.co,John Siracusa,Writer and podcaster,"technology, Apple, media criticism"
ianbicking.org,Ian Bicking,Software developer and open source advocate,"programming, open source, software development"
ianthehenry.com,Ian Henry,Entrepreneur and writer,"startups, technology, personal growth"
ianvisits.co.uk,Ian Mansfield,Blogger and historian,"London history, events, culture"
idiallo.com,Ibrahim Diallo,Software developer and blogger,"programming, software development, technology"
idlewords.com,Maciej Cegłowski,Developer and writer,"technology, culture, travel"
ignorethecode.net,Ralf Rottmann,Entrepreneur and writer,"usability, design, technology"
igorstechnoclub.com,Igor,Software developer and solopreneur,"Lifestyle, AI, technology, solopreneurship"
igvita.com,Ilya Grigorik,Software developer and performance engineer,"web performance, programming, technology"
imperialviolet.org,Adam Langley,Software engineer at Google,"security, cryptography, software development"
incoherency.co.uk,James Stanley,Software developer and blogger,"software, electronics, 3D printing"
insidemedicine.substack.com,Jeremy Faust,Physician and medical writer,"medicine, health, COVID-19"
insiderockstarnorth.blogspot.com,Obbe Vermeij,,
intuitiveexplanations.com,Radon Rosborough,Software developer,"open-source development, reverse engineering"
it-notes.dragas.net,Stefano Marinelli,System administrator and writer,"FreeBSD, Linux, system administration"
iter.ca,Anonymous,,
j3s.sh,Jes Olson,,
jackhopkins.github.io,Jack Hopkins,Researcher and developer,"factorio, ai"
jackpoulson.substack.com,Jack Poulson,Researcher and writer,"technology, policy"
jacobbartlett.substack.com,Jacob Bartlett,Writer and analyst,"technology, society, culture"
jacobian.org,Jacob Kaplan-Moss,Co-creator of Django and software developer,"Django, Python, software development"
jacquesmattheij.com,Jacques Mattheij,Entrepreneur and technologist,"startups, technology, personal projects"
jakearchibald.com,Jake Archibald,Developer advocate at Google,"web development, performance, service workers"
jakelazaroff.com,Jake Lazaroff,Developer and writer,"software engineering, personal projects, technology"
jakeseliger.com,Jake Seliger,Writer and researcher,"writing, essays, research"
jakobgreenfeld.com,Jakob Greenfeld,Entrepreneur and writer,"startups, marketing, technology"
jamesbvaughan.com,James Vaughan,Programmer,"programming, personal projects"
jamesg.blog,James G.,Software developer and blogger,"programming, technology, personal projects"
jameshaydon.github.io,James Haydon,,
jameshfisher.com,James Fisher,Software engineer and writer,"software development, security, essays"
jayd.ml,Jayden Milne,Software developer and blogger,"programming, personal projects, web development"
jaykmody.com,Jay K Mody,Software engineer,"software engineering, security, programming"
jazco.dev,Jaz Singh,Developer and tech enthusiast,"programming, technology, personal projects"
jeanhsu.substack.com,Jean Hsu,Leadership coach and writer,"leadership, personal development, technology"
jeffgeerling.com,Jeff Geerling,Developer and YouTube creator,"Raspberry Pi, Ansible, open-source"
jeffhuang.com,Jeff Huang,Computer science professor,"human-computer interaction, computer science, research"
jefftk.com,Jeff Kaufman,Software engineer and effective altruist,"effective altruism, software engineering, personal blog"
jenson.org,Scott Jenson,,ux
jepsen.io,Kyle Kingsbury,Distributed systems engineer and researcher,"distributed systems, databases, software engineering"
jeremykun.com,Jeremy Kun,Mathematician and writer,"mathematics, computer science, education"
jessfraz.com,Jessie Frazelle,Docker developer and co-founder of Oxide,"containers, open-source, software development"
jgc.org,John Graham-Cumming,CTO of Cloudflare,"programming, technology, history"
jimmyhmiller.github.io,Jimmy Miller,Software developer and blogger,"software development, software horror stories"
jlongster.com,James Long,Software developer and creator of Actual,"software development, JavaScript, personal finance"
joanwestenberg.com,JA Westenberg,Writer and technologist,"startups, culture, philosophy"
joearms.github.io,Joe Armstrong,Co-creator of Erlang,"programming, Erlang, software development"
joelonsoftware.com,Joel Spolsky,Software developer and entrepreneur,"software development, startups, project management"
joeyh.name,Joey Hess,Software developer and Debian contributor,"open source, software development, Debian"
johncarlosbaez.wordpress.com,John Carlos Baez,Mathematician and physicist,"mathematics, physics, category theory"
johndcook.com,John D. Cook,Consultant and mathematician,"mathematics, statistics, software development"
johnthenerd.com,"John ""The Nerd""",Software developer and blogger,"software development, personal projects, technology"
jonathanhaidt.substack.com,Jonathan Haidt,Social psychologist and author,"psychology, society, culture"
josephg.com,Joseph Gentle,Software developer and researcher,"collaborative software, programming, technology"
joshwcomeau.com,Josh W. Comeau,Software developer and educator,"web development, React, JavaScript"
journal.stuffwithstuff.com,Bob Nystrom,Software developer and author,"software development, programming languages, game development"
jsomers.net,James Somers,Writer and programmer,"writing, software development, technology"
juliareda.eu,Julia Reda,Former Member of the European Parliament,"digital rights, copyright, politics"
justine.lol,Justine Tunney,Software developer and creator of cosmopolitan libc,"programming, operating systems, technology"
justinobeirne.com,Justin O'Beirne,Cartographer and designer,"maps, cartography, design"
jvns.ca,Julia Evans,Developer and zine author,"linux, debugging, dns"
jwz.org,Jamie Zawinski,Software developer and early Netscape engineer,"software development, technology, personal blog"
jyn.dev,Jyn Nelson,Rust compiler engineer,"Rust, compilers, programming"
kalzumeus.com,Patrick McKenzie,Developer and consultant,"product pricing, a-b testing, conversion optimization"
karpathy.github.io,Andrej Karpathy,AI researcher and educator,"artificial intelligence, deep learning, machine learning"
kaseyhou.com,Kasey Hou,Designer and artist,"design, art, personal projects"
keith-mcnulty.medium.com,Keith McNulty,Data scientist and author,"data science, psychology, human resources"
kentnerburn.com,Kent Nerburn,Author,"spirituality, Native American culture, personal reflections"
kerkour.com,Guillaume Kerkour,Security researcher and writer,"security, software development"
keygen.sh,Zeke Gabrielse,Founder of Keygen,"indie business, software development"
kibty.town,Kibty,Writer and artist,"art, personal essays, creative projects"
kk.org,Kevin Kelly,Author and founding executive editor of Wired,"technology, future trends, culture"
kmjn.org,Mark J. Nelson,Computer Science professor at American University,
kottke.org,Jason Kottke,Blogger,"culture, technology, media"
krausefx.com,Felix Krause,Creator of fastlane,"iOS development, automation, open source"
krebsonsecurity.com,Brian Krebs,Independent journalist,"security, malware, fraud"
kristoff.it,Loris Cro,VP of Community at the Zig Software Foundation,"zig, programming languages, blogging"
kurzweilai.net,Ray Kurzweil,Inventor and futurist,"futurism, technology, artificial intelligence"
lapcatsoftware.com,Jeff Johnson,Apple software developer,"security, macOS, iOS"
laplab.me,Nikita Lapkov,Developer and Database expert,"databases, performance, SQL"
lcamtuf.blogspot.com,Michał Zalewski,Security researcher and author,"security, programming, research"
lcamtuf.coredump.cx,Michał Zalewski,Security researcher and author,"security, software development, hacking"
lcamtuf.substack.com,Michał Zalewski,Security researcher and author,"security, software development, hacking"
leanrada.com,Lean,Software engineer and artist,
lemire.me,Daniel Lemire,Computer science professor,"algorithms, performance, data science"
lethain.com,Will Larson,Software engineer and author,"engineering management, software development, technology"
lexaloffle.com,Joseph White,Indie game developer,
linusakesson.net,Linus Åkesson,Software developer and chiptune musician,"programming, retro computing, chiptune"
linuxblog.io,Hayden James,Linux Systems Analyst,
lock.cmpxchg8b.com,Tavis Ormandy,Vulnerability researcher at Google Project Zero,"security, malware, retro computing"
lucasfcosta.com,Lucas F. Costa,Software engineer and writer,"software development, testing"
lucumr.pocoo.org,Armin Ronacher,Software developer and creator of Flask,"Python, open-source, software development"
ludic.mataroa.blog,Nikhil Suresh,Developer and podcaster,
lunchbag.ca,Jen Yip,Software developer and indie founder of Lunch Money,"entrepreneurship, customer service"
lunduke.locals.com,Bryan Lunduke,Technology journalist and podcaster,"technology, open source"
lunduke.substack.com,Bryan Lunduke,Software developer and Linux enthusiast,"Linux, open source, technology"
lynalden.com,Lyn Alden,Investment strategist and writer,"investing, economics, finance"
ma.tt,Matt Mullenweg,Co-founder of WordPress,"technology, open source, entrepreneurship"
ma.ttias.be,Mattias Geniar,System administrator and developer,"system administration, web development, security"
macwright.com,Tom MacWright,Software developer and writer,"web development, mapping, open source"
madned.substack.com,Ned Utzig,Developer and gamer,"workplace culture, computer games, management"
magazine.sebastianraschka.com,Sebastian Raschka,Machine learning researcher and author,"machine learning, data science, Python"
maggieappleton.com,Maggie Appleton,Designer and illustrator,"design, visual explanations, digital gardens"
makeartwithpython.com,Kirk Kaiser,Software developer and writer,"python, art, machine learning"
makingsoftware.com,Dan Hollick,Product designer and software writer,"software design, engineering, illustration"
maphappenings.com,James Killick,Software developer and mapping technology expert,maps
marcan.st,Hector Martin,Security researcher and developer,"hardware hacking, reverse engineering, Linux"
marco.org,Marco Arment,Developer and podcaster,"technology, software development, podcasts"
marginalia.nu,Viktor Lofgren,Founder of Marginalia search engine,"web development, design, technology"
martijnhols.nl,Martijn Hols,Freelance React developer,"React, JavaScript, web development"
martin.kleppmann.com,Martin Kleppmann,Software developer and author,"distributed systems, data engineering, software development"
martinalderson.com,Martin Alderson,Writer and software engineer,"web development, AI, performance"
martinfowler.com,Martin Fowler,Software development expert,"software architecture, refactoring, agile development"
maskray.me,Fangrui Song,Software developer and blogger,"software development, LLVM, personal projects"
masteringemacs.org,Mickey Petersen,Emacs enthusiast and writer,"Emacs, text editors, productivity"
matan-h.com,Matan H,Developer and writer,"software development, personal essays"
matduggan.com,Mat Duggan,Writer and blogger,"writing, technology, culture"
matklad.github.io,Alex Kladov,Software developer and Rust contributor,"Rust, software development, programming languages"
matt-rickard.com,Matt Rickard,Software developer and entrepreneur,"programming, software development, technology"
matt.might.net,Matt Might,Computer science professor,"computer science, healthcare, technology"
mattcutts.com,Matt Cutts,Software engineer and former head of Google Webspam,"SEO, technology, software development"
matthewstrom.com,Matthew Strom,Designer and writer,"design, user experience, personal projects"
mattkeeter.com,Matt Keeter,Software developer and researcher,"programming, software development, technology"
mattlakeman.org,Matt Lakeman,Writer and researcher,"self-improvement, productivity, personal development"
mattsayar.com,Matt Sayar,Developer and writer,"programming, technology, personal essays"
mattstoller.substack.com,Matt Stoller,Author and antitrust policy expert,"antitrust, politics, economy"
mattwarren.org,Matt Warren,Software developer and performance enthusiast,".NET, performance, programming"
maurycyz.com,Maurycy Z.,Electronics and software enthusiast,"electronics, programming, photography"
maxread.substack.com,Max Read,Writer and editor,"media, technology, culture"
mayerowitz.io,Antoine Mayerowitz,Economist and data scientist,"data, interactivity, art"
mbuffett.com,Marcus Buffett,Indie developer,"chess, entrepreneurship"
mcyoung.xyz,Miguel Young de la Sota,,
mertbulan.com,Mert Bulan,Software engineer,"programming, technology, personal projects"
mfkl.github.io,Martin Finkel,VLC developer,"vlc, .net"
micahflee.com,Micah Lee,InfoSec engineer and journalist,"security, privacy, hacking"
micahlerner.com,Micah Lerner,Software engineer and writer,"software development, technology"
michael.stapelberg.ch,Michael Stapelberg,Software developer,"software development, Linux, open source"
michaelgeist.ca,Michael Geist,Law professor and digital rights advocate,"technology law, digital rights, privacy"
miguelgrinberg.com,Miguel Grinberg,Software engineer and author,"Python, Flask, web development"
minimaxir.com,Max Woolf,Data scientist and software developer,"data science, machine learning, software development"
mitchellh.com,Mitchell Hashimoto,Co-founder of HashiCorp,"infrastructure, automation, open source"
mitxela.com,Anonymous,Electronics enthusiast and maker,"electronics, DIY, projects"
mjg59.dreamwidth.org,Matthew Garrett,Security developer,"security, Linux, open-source"
mjtsai.com,Michael Tsai,Software developer and blogger,"macOS, programming, software development"
moxie.org,Moxie Marlinspike,Founder of Signal,"privacy, cryptography, technology"
mrbruh.com,Paul,Cybersecurity professional,"malware, security research"
mtlynch.io,Michael Lynch,Indie founder and s'mores enthusiast,"software engineering, entrepreneurship, homelab"
muratbuffalo.blogspot.com,Murat Demirbas,Computer science professor,"distributed systems, computer science, research"
natesilver.net,Nate Silver,Statistician and writer,"statistics, politics, data analysis"
ncase.me,Nicky Case,Interactive artist and game developer,"interactive storytelling, games, education"
neal.fun,Neal Agarwal,Interactive web developer and designer,"web development, creative coding, interactive design"
nedbatchelder.com,Ned Batchelder,Software developer and Python enthusiast,"Python, software development, programming"
nee.lv,Andris Reinman,Software developer and blogger,"programming, software development, technology"
neelc.org,Neel Chauhan,Developer and writer,"open source, software engineering, personal projects"
nelhage.com,Nelson Elhage,Engineer and researcher,"machine learning, performance, testing"
nesbitt.io,Andrew Nesbitt,Software engineer and researcher,"open source, package management, data"
netmeister.org,Jan Schaumann,Engineer and writer,"networking, security, technology"
neugierig.org,Mike West,Web standards advocate,"web security, privacy, standards"
newsletter.mollywhite.net,Molly White,Software engineer and writer,"cryptocurrency, technology, web3"
nibblestew.blogspot.com,Martin Cracauer,Software developer and blogger,"programming, software development, technology"
nicole.express,Nicole Caroline Branagan,Software developer and retro computing enthusiast,"retro computing, programming, technology"
noahpinion.blog,Noah Smith,Economist and writer,"economics, technology, policy"
noahpinion.substack.com,Noah Smith,Economist and blogger,"economics, technology, policy"
nolanlawson.com,Nolan Lawson,Web developer and open-source contributor,"web development, performance, PWA"
norvig.com,Peter Norvig,Director of Research at Google and AI expert,"artificial intelligence, programming, research"
notes.alinpanaitiu.com,Alin Panaitiu,Developer and writer,"software development, productivity"
nothinghuman.substack.com,Ivan Vendrov,,
ntietz.com,Nicole Tietz-Sokolskaya,,
nuejs.org,Tero Piirainen,Creator of Nue JavaScript framework,javascript
nullprogram.com,Chris Wellons,Software developer,"programming, emacs, software engineering"
nyanpasu64.gitlab.io,nyanpasu64,Developer and tech enthusiast,"programming, audio, technology"
ohdoylerules.com,Chris Doyle,Developer and tech enthusiast,"programming, technology, personal projects"
oimo.io,saharan,,"physics, math, pixel art"
okayfail.com,Phill Mendonça-Vieira,Software developer,trans rights
olano.dev,Facundo Olano,Developer,"software development, technology"
oldvcr.blogspot.com,Cameron Kaiser,Vintage computer enthusiast,"vintage computers, linux"
onemileatatime.com,Ben Schlappig,Travel expert and blogger,"travel, frequent flyer programs"
onemillioncheckboxes.com,Nolen Royalty,HTML artist,
onstartups.com,Dharmesh Shah,Co-founder of HubSpot,"startups, entrepreneurship, technology"
orlp.net,Orson R. L. Peters,,
os.phil-opp.com,Philipp Oppermann,OS developer,"operating systems, Rust, software development"
ounapuu.ee,Herman Õunapuu,Programmer and digital archivist,"self-hosting, computer hardware, Linux"
overcomingbias.com,Robin Hanson,Economist and author,"economics, rationality, futurism"
overreacted.io,Dan Abramov,Software developer and React core team member,"React, JavaScript, web development"
p.migdal.pl,Piotr Migdał,Data scientist and researcher,"data science, machine learning, visualization"
pages.cs.wisc.edu/~kovar,Lucas Kovar,Google Staff Software Engineer,"physics, research, academia"
pagetable.com,Michael Steil,Software engineer and historian,"retro computing, software, hardware"
palant.info,Wladimir Palant,Software developer and creator of Adblock Plus,"security, privacy, software development"
papereditor.app,Mihhail Lapushkin,,
patrick-breyer.de,Patrick Breyer,Privacy activist and politician,"privacy, digital rights, politics"
patrickcollison.com,Patrick Collison,CEO of Stripe,"startups, technology, writing"
paulbuchheit.blogspot.com,Paul Buchheit,Creator of Gmail and startup investor,"technology, startups, software development"
paulbupejr.com,Paul Bupe Jr.,Software engineer and blogger,"software development, personal growth, technology"
paulbutler.org,Paul Butler,Software engineer and data visualizer,"data visualization, software engineering, technology"
paulgraham.com,Paul Graham,"Co-founder of Y Combinator, entrepreneur, and essayist","startups, technology, entrepreneurship"
paulstamatiou.com,Paul Stamatiou,Designer and photographer,"design, photography, technology"
pboyd.io,Paul Boyd,,
peabee.substack.com,Pea Bee,Software developer and researcher,"privacy, india, mobile apps"
penny-arcade.com,Michael Krahulik and Jerry Holkins,Authors and illustrators,"gaming, comics, culture"
perell.com,David Perell,Writer and educator,"writing, education, technology"
philip.greenspun.com,Philip Greenspun,MIT professor and photographer,"photography, technology, aviation"
philiplaine.com,Philip Laine,Software developer,"software development, cloud infrastructure"
phoboslab.org,Dominic Szablewski,Game developer and software engineer,"game development, software development, web technologies"
pippinbarr.com,Pippin Barr,Game designer and academic,"game design, art, experimental games"
platformer.news,Casey Newton,Independent tech journalist,
plbrault.com,Pier‑Luc Brault,Computer Science teacher at Cégep de Sherbrooke,
ploum.net,Ploum,Author and blogger,"technology, society, personal reflections"
pluralistic.net,Cory Doctorow,Author and activist,"activism, technology, copyright"
polotek.net,Marco Rogers,Web developer,"fediverse, frontend development"
popehat.com,Ken White,Attorney and blogger,"law, free speech, culture"
popovicu.com,Uros Popovic,Staff Software Engineer at Google,
practical.engineering,Grady Hillhouse,Civil engineer and educator,"engineering, infrastructure, education"
practicalbetterments.com,Nathaniel,,"productivity, life hacks"
practicapp.com,Robbe Derks,Hardware and software engineering consultant,"self-driving cars, hardware hacking"
pragmaticengineer.com,Gergely Orosz,Software engineer,"software engineering, career development, technology"
predr.ag,Predrag Gruevski,,
probablydance.com,Malte Skarupke,Software developer and creator of TypeScript,"programming, TypeScript, software development"
prog21.dadgum.com,James Hague,Game designer and software developer,"software development, game development"
prolost.com,Stu Maschwitz,Filmmaker and visual effects artist,"filmmaking, visual effects"
purplesyringa.moe,Alisa Sireneva,,
qntm.org,Sam Hughes,Writer and software developer,"science fiction, software development, technology"
quirksmode.org,Peter-Paul Koch,Web developer and author,"web development, JavaScript, CSS"
quuxplusone.github.io,Arthur O'Dwyer,Software developer and author,"C++, programming, software development"
rachelbythebay.com,Rachel Kroll,Infrastructure engineer,"software engineering, personal experiences, technology"
raganwald.com,Reginald Braithwaite,Software developer and author,"programming, software development, technology"
raganwald.posterous.com,Reginald Braithwaite,Software developer and author,"software development, functional programming, JavaScript"
rahulilango.com,Rahul Ilango,Software developer and blogger,"programming, technology, personal projects"
rakhim.exotext.com,Rakhim Davletkaliyev,Staff engineer and founder of Exotext,"programming, semantic web, technology"
randomascii.wordpress.com,Bruce Dawson,Software developer,"programming, debugging, performance"
randsinrepose.com,Michael Lopp,Engineering manager and author,"management, leadership, technology"
raphlinus.github.io,Raph Levien,Software developer and font designer,"software development, typography, Rust programming"
raptitude.com,David Cain,Blogger and author,"personal development, mindfulness, philosophy"
ratfactor.com,Dave Gauer,,
raymii.org,Remy van Elst,System administrator and writer,"linux, security, open source"
read.engineerscodex.com,Leonardo Creed,,
redblobgames.com,Amit Patel,Game developer and blogger,"game development, algorithms, visualization"
rednafi.com,Redowan Delowar,,
refactoringenglish.com,Michael Lynch,Software developer and author,"blogging, writing, english"
research.swtch.com,Russ Cox,Principal engineer at Google,"programming, software engineering, Go language"
resobscura.substack.com,Erik Wade,Writer and historian,"history, culture"
reviews.ofb.biz,Timothy R. Butler,Gadget reviewer for Open for Business,"gadgets, online shopping, mechanical keyboards"
rhaas.blogspot.com,Robert Haas,PostgreSQL major contributor and database expert,"PostgreSQL, databases, open source"
ribbonfarm.com,Venkatesh Rao,Writer and consultant,"culture, technology, business"
righto.com,Ken Shirriff,Vintage computer enthusiast,"computer history, vintage computers, reverse engineering"
rjlipton.wordpress.com,Richard Lipton,Computer scientist and professor,"computer science, algorithms, complexity theory"
rknight.me,Ryan Knight,Software developer and blogger,"programming, technology, personal projects"
robert.ocallahan.org,Robert O'Callahan,Software developer,"programming, debugging, technology"
robertheaton.com,Robert Heaton,Software developer,"programming, security, technology"
robindev.substack.com,Robin Dev,,
robins.one,Taylor Robinson,Web developer and UI design enthusiast,
robinsloan.com,Robin Sloan,Author and media inventor,"writing, technology, media"
robkhenderson.substack.com,Rob Henderson,Social psychologist and writer,"psychology, society, culture"
romanzipp.com,Roman Zipp,Developer and designer,"programming, design, technology"
rosenzweig.io,Alyssa Rosenzweig,Software developer and open-source advocate,"open-source, software development, technology"
roytanck.com,Roy Tanck,Developer and designer,"web development, design"
rubenerd.com,Ruben Schade,Writer and podcaster,"technology, personal, media"
rwmj.wordpress.com,Richard W.M. Jones,Software engineer and open source contributor,"virtualization, Linux, open source"
sagipolaczek.github.io,Sagi Polaczek,Developer and researcher,"programming, technology, personal projects"
samcurry.net,Sam Curry,Security researcher,"cybersecurity, hacking, research"
samwho.dev,Sam Rose,Developer and writer,"software engineering, programming, technology"
sandofsky.com,Benjamin Sandofsky,,
saurabhs.org,Saurabh,,
scattered-thoughts.net,Max Bittker,Software developer and artist,"programming, art, technology"
schneier.com,Bruce Schneier,Security technologist and author,"security, cryptography, privacy"
scottaaronson.blog,Scott Aaronson,Computer scientist and professor,"quantum computing, computer science, complexity theory"
scottaaronson.com,Scott Aaronson,Computer science professor,"quantum computing, computer science, philosophy"
scotthelme.co.uk,Scott Helme,Security researcher and blogger,"security, cryptography, software development"
scottlocklin.wordpress.com,Scott Locklin,Physicist and data scientist,"data science, physics, technology"
scripting.com,Dave Winer,Software developer and blogging pioneer,"blogging, software development, technology"
seangoedecke.com,Sean Goedecke,Writer and software developer,"writing, programming, personal projects"
sergey.fyi,Sergey Mohov,Product designer and developer,"design, technology, personal projects"
seths.blog,Seth Godin,Author and marketer,"marketing, business, personal development"
sheddingbikes.com,Tom MacWright,Software developer and writer,"programming, software development, technology"
sherprog.com,Anne Gunn,Independent software founder,
shkspr.mobi,Terence Eden,Technology consultant and writer,"open data, technology, digital rights"
shreyans.org,Shreyans Bhansali,,
simone.org,Simone Salis,Creative Director and process engineer,"digital minimalism, philosophy, technology"
simonwillison.net,Simon Willison,AI researcher and co-creator of Django,"AI, data journalism, blogging"
sive.rs,Derek Sivers,Entrepreneur and author,"entrepreneurship, music, personal development"
skyfall.dev,Mahad Kalam,Software engineer based in the UK,"ai, security, web development"
slatestarcodex.com,Scott Alexander,Psychiatrist and blogger,"rationality, psychology, culture"
slowboring.com,Matthew Yglesias,Journalist and writer,"politics, economics, policy"
soatok.blog,Soatok Dreamseeker,Security researcher and furry,"cryptography, security, technology"
sockpuppet.org,Thomas Ptacek,Security researcher and entrepreneur,"security, cryptography, programming"
sofuckingagile.com,Anonymous,,"enterprise SaaS, mental health, product management"
solipsys.co.uk,Colin Wright,,"software, mathematics"
solvingprocrastination.com,Nate Soares,Executive director of MIRI,"procrastination, productivity, self-improvement"
sophiajt.com,Sophia June Turner,,
specbranch.com,Nima Badizadegan,Software and hardware developer,"engineering practices, randomness, performance"
stackdiary.com,Alex Ivanovs,,"technology, cybersecurity, privacy"
stallman.org,Richard Stallman,Founder of the Free Software Foundation,"free software, GNU, activism"
staltz.com,Andre Staltz,Software developer and creator of Cycle.js,"programming, JavaScript, software development"
startupclass.samaltman.com,Sam Altman,Founder of OpenAI,"startups, technology, entrepreneurship"
statecraft.beehiiv.com,Arman Madani,,
stavros.io,Stavros Korokithakis,Software developer and entrepreneur,"software development, startups, technology"
stefantheard.com,Stefan Heard,Developer and consultant,"web development, technology"
stephendiehl.com,Stephen Diehl,Software developer and Haskell enthusiast,"Haskell, software development, programming languages"
steve-yegge.blogspot.com,Steve Yegge,Software developer and writer,"software development, technology, personal blog"
steveblank.com,Steve Blank,Entrepreneur and educator,"startups, entrepreneurship, lean startup methodology"
stevelosh.com,Steve Losh,Software developer,"software development, Vim, Python"
stitcher.io,Brent Roose,Software developer and writer,"PHP, programming, software development"
stratechery.com,Ben Thompson,Technology analyst,"business, technology, media"
suanto.com,Antti Suanto,Data Architect,
substack.evancarroll.com,Evan Carroll,Writer and technologist,"technology, politics, personal essays"
susam.net,Susam Pal,Software engineer and writer,"software development, mathematics, puzzles"
susanjfowler.com,Susan Fowler,Author and engineer,"software engineering, workplace culture, technology"
switowski.com,Sebastian Witowski,Independent Python consultant,"conferences, meetings, dev tools"
swizec.com,Swizec Teller,"Software engineer, vlogger, and author","javascript, career advice, indie development"
swombat.com,Dan Shipper,Entrepreneur and writer,"startups, writing, technology"
taibbi.substack.com,Matt Taibbi,Journalist and author,"politics, journalism, culture"
taylor.town,Taylor Otwell,Creator of Laravel,"web development, PHP, Laravel"
tbray.org,Tim Bray,Technologist and writer,"technology, software development, XML"
tech.marksblogg.com,Mark Litwintschik,Developer and data engineer,"big data, cloud computing, technology"
tedgioia.substack.com,Ted Gioia,Music historian and author,"music, culture, history"
tedium.co,Ernie Smith,Writer and editor,"obscure history, technology, culture"
tedunangst.com,Ted Unangst,Software developer and OpenBSD contributor,"OpenBSD, software development, security"
terriblesoftware.org,Matheus Lima,Software developer,"engineering leadership, computer science, tech adventures"
terrytao.wordpress.com,Terence Tao,Mathematician and professor,"mathematics, education, research"
th0mas.nl,Thomas van der Veen,Developer and tech enthusiast,"programming, technology, personal projects"
thebignewsletter.com,Matt Stoller,Antitrust advocate and author,"politics, monopolies"
thechipletter.substack.com,Anonymous,Anonymous tech enthusiast,"technology, computer chips, hardware"
thecodist.com,Greg Brown,Software developer and writer,"software development, technology, personal projects"
thehftguy.com,Anonymous,,
themarginalian.org,Maria Popova,Writer and curator,"literature, philosophy, art"
thomask.sdf.org,Thomas K,Developer and writer,"software engineering, open source, technology"
thomaskole.nl,Thomas Kole,Technical artist,
thorstenball.com,Thorsten Ball,Software developer and author,"programming languages, interpreters, compilers"
thume.ca,Thume,Software developer,"software development, technology, personal blog"
thurrott.com,Paul Thurrott,Technology journalist and blogger,"technology, software, reviews"
tidyfirst.substack.com,Kent Beck,Software developer and author,"software development, refactoring"
tim.blog,Tim Ferriss,Author and entrepreneur,"productivity, lifestyle design, self-improvement"
timharford.com,Tim Harford,Economist and author,"economics, statistics, decision making"
timkellogg.me,Tim Kellogg,Software engineer,"programming, technology, personal projects"
timsh.org,Tim Sh,Product manager and ex-CTO,"programming, technology, personal thoughts"
tintin.dlazaro.ca,David Lazaro,Developer and tech enthusiast,"programming, technology, personal projects"
tinyprojects.dev,Niklas Elmqvist,Software developer and professor,"software development, programming, personal projects"
tirania.org,Miguel de Icaza,Software developer and open source advocate,"open source, software development, technology"
tomrenner.com,Tom Renner,Generalist developer and team lead,"software development, ethical tech"
tonsky.me,Nikita Prokopov,Developer and designer,"software development, design, typography"
tontinton.com,Tony Solomonik,,
tonybaloney.github.io,Anthony Shaw,Software developer at Microsoft,
tratt.net,Nicholas Tratt,Computer scientist and researcher,"programming languages, research, software development"
troyhunt.com,Troy Hunt,Security expert and instructor,"security, data breaches, web security"
two-wrongs.com,Christoffer Stjernlöf,,
twobithistory.org,Matt Farrell,Software developer and historian,"history of computing, programming, technology"
tyler.io,Tyler Hall,Software developer,"software development, technology, personal"
tylercipriani.com,Tyler Cipriani,Developer and open-source advocate,"software engineering, open-source, technology"
tylervigen.com,Tyler Vigen,Data scientist and author,"statistics, data analysis, humor"
unchartedterritories.tomaspueyo.com,Tomas Pueyo,Author and public speaker,"psychology, social dynamics, technology"
uncrunched.com,Michael Arrington,Founder of TechCrunch and entrepreneur,"startups, technology, entrepreneurship"
underjord.io,Marcus Olsson,Software developer and writer,"programming, software development, technology"
unixdigest.com,Anonymous,Software developer and Unix enthusiast,"Unix, software development, open source"
usher.dev,Usher Effendi,Software developer,"programming, technology, personal projects"
utcc.utoronto.ca/~cks,Chris Siebenmann,Unix system administrator at University of Toronto,"Unix, system administration, linux"
vadimkravcenko.com,Vadim Kravcenko,Software developer and writer,"software development, technology"
vaibhavsagar.com,Vaibhav Sagar,,
verdagon.dev,Evan Ovadia,Software architect and lead of Vale Language,"programming languages, open-source, llms"
vgel.me,Theia Vogel,,
vickiboykis.com,Vicki Boykis,Data scientist and writer,"data science, technology, personal reflections"
victorpoughon.fr,Victor Poughon ,Software engineer from France,"math, software"
viewfromthewing.com,Gary Leff,Travel expert and writer,"travel, frequent flyer programs"
vinay.sh,Vinay Hiremath,Entrepreneur and developer,"technology, startups, programming"
vincentwoo.com,Vincent Woo,Developer and entrepreneur,"programming, technology, startups"
virtuallyfun.com,neozeed,,
vitalik.ca,Vitalik Buterin,Co-founder of Ethereum,"cryptocurrency, blockchain, technology"
voussoir.net,Voussoir,Artist and programmer,"art, programming, personal projects"
walzr.com,Riley Walz,Blogger and digital performance artist,"public experiments, pranks"
waxy.org,Andy Baio,Writer and technologist,"technology, culture, internet"
weeks.ginatrapani.org,Gina Trapani,Writer and developer,"productivity, technology, personal life"
whattofix.com,Daniel Markham,,
wheresyoured.at,Ed Zitron,CEO of EZPR,"tech industry, AI, media criticism"
whyevolutionistrue.com,Jerry Coyne,Professor and author,"evolution, biology, science"
willempennings.nl,Willem Pennings,Engineer and inventor,"engineering, DIY projects"
windytan.com,Salli Anttonen,Software developer and radio enthusiast,"radio technology, programming, software development"
wingolog.org,Andy Wingo,Software developer and GNU Guile maintainer,"GNU Guile, software development, programming languages"
wiredjs.com,Preet Shihn,,
without.boats,Anonymous,Developer and writer,"software development, personal essays"
wizardzines.com,Julia Evans,Developer and zine author,"linux, debugging, dns"
words.steveklabnik.com,Steve Klabnik,Software developer and Rust enthusiast,"Rust programming, software development, open-source"
wordsandbuttons.online,Sergei Tikhomirov,Software developer and writer,"programming, mathematics, puzzles"
worksonmymachine.substack.com,Scott Werner,Writer and software developer,"AI, software development, future of work"
worrydream.com,Bret Victor,Designer and engineer,"user interfaces, programming, technology"
writings.stephenwolfram.com,Stephen Wolfram,Computer scientist and entrepreneur,"computational science, software development, technology"
www-cs-faculty.stanford.edu,Donald Knuth,Computer scientist and professor,"algorithms, programming, computer science"
xania.org,Matt Godbolt,C++ developer and compiler expert,"assembly, compilers, performance"
xdavidhu.me,David Schütz,,
xeiaso.net,Xe Iaso,Software developer and creator of Anubis,"software development, Rust programming, Nix"
xkcd.com,Randall Munroe,Cartoonist and author,"comics, science, technology"
yehudakatz.com,Yehuda Katz,JavaScript developer and open-source contributor,"JavaScript, Ruby, open source"
yosefk.com,Yosef Mendelsohn,Software engineer and blogger,"software development, C++, programming languages"
zachholman.com,Zach Holman,Developer and speaker,"software development, startups, GitHub"
zedshaw.com,Zed Shaw,Software developer and author,"programming, software development, technology"
zserge.com,Sergey,Software developer,"web development, programming, open source"
zwischenzugs.com,Anonymous,,"software engineering, business"

